Workbook

Sheet Hướng dẫn
A1: Task 3 — Ma trận Cross-Browser / Cross-Platform
A2: Phạm Anh Hào – 23127362 · 6 ô × 3 màn hình = 18 ảnh chụp
A4: Cách điền
A5: Sheet "Ma trận": mỗi dòng là một ô cần chụp. Điền Kết quả, Mô tả lỗi và Tên file ảnh.
A6: Sheet "Độ phủ": tự kiểm tra ma trận có thoả 3 OS / 5 browser / 3 loại thiết bị cho từng màn hình.
A7: Sheet "Lỗi hiển thị": ghi chi tiết lỗi tìm được, để chuyển sang Google Form và Findings Log.
A9: Bookmarklet overlay email MSSV
A10: Tạo bookmark mới, dán nguyên đoạn dưới vào ô URL. Chạy trước khi chụp mỗi ảnh.
A11: javascript:(function(){var e='23127362@student.hcmus.edu.vn';var o=document.getElementById('hw03tag');if(o)o.remove();var d=document.createElement('div');d.id='hw03tag';d.style.cssText='position:fixed;top:0;left:0;right:0;z-index:2147483647;background:#0b1021;color:#7CFFB2;font:600 12px/1.45 monospace;padding:6px 8px;text-align:center;word-break:break-all;box-shadow:0 2px 8px rgba(0,0,0,.5)';d.textContent=e+' | '+location.host+' | '+new Date().toLocaleString('vi-VN')+' | '+window.innerWidth+'x'+window.innerHeight+' | '+navigator.userAgent;document.body.appendChild(d);})();
A13: Banner hiện ra gồm: email MSSV | host EMS | thời điểm | kích thước màn hình | user agent
A14: User agent tự khai báo browser và OS, nên ảnh tự chứng minh được chụp ở đâu.
A16: Đặt tên file ảnh
... A23: Chrome DevTools chế độ mobile KHÔNG tính là thiết bị — user agent sẽ tố cáo là Windows.

Sheet Ma trận
A1: Ô | B1: Màn hình | C1: Hệ điều hành | D1: Browser | E1: Loại thiết bị | F1: Nguồn | G1: Kết quả | H1: Mô tả lỗi hiển thị | I1: Tên file ảnh
A2: C1 | B2: A1 – Danh sách Events | C2: Windows 11 | D2: Chrome | E2: Desktop | F2: Máy thật | G2: Pass | I2: C1_A1_Windows-Chrome-Desktop.png.png
A3: C2 | B3: A1 – Danh sách Events | C3: Windows 11 | D3: Edge | E3: Desktop | F3: Máy thật | G3: Pass | I3: C2_A1_Windows-Edge-Desktop.png.png
A4: C3 | B4: A1 – Danh sách Events | C4: Windows 11 | D4: Firefox | E4: Desktop | F4: Máy thật | G4: Pass | I4: C3_A1_Windows-Firefox-Desktop.png.png
A5: C4 | B5: A1 – Danh sách Events | C5: iOS | D5: Safari | E5: Phone | F5: Máy thật | G5: Fail | H5: Màn hình có layout không co giản theo màn hình, bị cố định độ rộng nên bản danh sách event bj co cụm lại không còn nhìn thấy được event nào, cột action che hết danh sách event, thanh pagination bị tràn ra ngoài | I5: C4_A1_iOS-Safari-Phone.png.png
A6: C5 | B6: A1 – Danh sách Events | C6: Android | D6: Chrome | E6: Phone | F6: Máy thật | G6: Fail | H6: Màn hình lỗi hoàn toàn, không còn thấy được gì trên table nữa mọi thứ điều bị tràn ra ngoài | I6: C5_A1_Android-SamsungInternet-Phone.png.png
A7: C6 | B7: A1 – Danh sách Events | C7: iPadOS | D7: Safari | E7: Tablet | F7: Máy thật | G7: Pass | I7: C6_A1_iPadOS-Safari-Tablet.png.png
A9: C1 | B9: A2 – Form Add/Edit Event | C9: Windows 11 | D9: Chrome | E9: Desktop | F9: Máy thật | G9: Pass | I9: C1_A2_Windows-Chrome-Desktop.png.png
A10: C2 | B10: A2 – Form Add/Edit Event | C10: Windows 11 | D10: Edge | E10: Desktop | F10: Máy thật | G10: Pass | I10: C2_A2_Windows-Edge-Desktop.png.png
A11: C3 | B11: A2 – Form Add/Edit Event | C11: Windows 11 | D11: Firefox | E11: Desktop | F11: Máy thật | G11: Pass | I11: C3_A2_Windows-Firefox-Desktop.png.png
A12: C4 | B12: A2 – Form Add/Edit Event | C12: iOS | D12: Safari | E12: Phone | F12: Máy thật | G12: Fail | H12: Màn hình có layout hổn loạn, ô thumbnail quá bé, ô banner lại quá bé và icon và title bên trong nó thì quá chật, ô attachment lại ở giữa thumbnail và banner, ô viết description thì quá bé, thanh format cho description bị gom lại trông quá hỗn loạn | I12: C4_A2_iOS-Safari-Phone_1.png.png, C4_A2_iOS-Safari-Phone_2.png.png, C4_A2_iOS-Safari-Phone_3.png.png, C4_A2_iOS-Safari-Phone_4.png.png, C4_A2_iOS-Safari-Phone_5.png.png, C4_A2_iOS-Safari-Phone_6.png.png
A13: C5 | B13: A2 – Form Add/Edit Event | C13: Android | D13: Chrome | E13: Phone | F13: Máy thật | G13: Fail | H13: Màn hình có layout hổn loạn, ô thumbnail quá bé, ô banner lại quá bé và icon và title bên trong nó thì quá chật, ô attachment lại ở giữa thumbnail và banner, ô viết description thì quá bé, thanh format cho description bị gom lại trông quá hỗn loạn | I13: C5_A2_Android-SamsungInternet-Phone.png.png
A14: C6 | B14: A2 – Form Add/Edit Event | C14: iPadOS | D14: Safari | E14: Tablet | F14: Máy thật | G14: Pass | I14: C6_A2_iPadOS-Safari-Tablet_1.png.png, C6_A2_iPadOS-Safari-Tablet_2.png.png, C6_A2_iPadOS-Safari-Tablet_3.png.png, C6_A2_iPadOS-Safari-Tablet_4.png.png
A16: C1 | B16: A4 – Participants & Reviews | C16: Windows 11 | D16: Chrome | E16: Desktop | F16: Máy thật | G16: Pass | I16: C1_A4_Windows-Chrome-Desktop_1.png.png, C1_A4_Windows-Chrome-Desktop_2.png.png
A17: C2 | B17: A4 – Participants & Reviews | C17: Windows 11 | D17: Edge | E17: Desktop | F17: Máy thật | G17: Pass | I17: C2_A4_Windows-Edge-Desktop_1.png.png, C2_A4_Windows-Edge-Desktop_2.png.png
A18: C3 | B18: A4 – Participants & Reviews | C18: Windows 11 | D18: Firefox | E18: Desktop | F18: Máy thật | G18: Pass | I18: C3_A4_Windows-Firefox-Desktop_1.png.png, C3_A4_Windows-Firefox-Desktop_2.png.png
A19: C4 | B19: A4 – Participants & Reviews | C19: iOS | D19: Safari | E19: Phone | F19: Máy thật | G19: Fail | H19: Layout quá hổn loạn, màn hình cứ to dần lên khi càn về các ô sau của thanh đề mục, các thanh hiển thị đều tràn ra ngoài, có một số button bị dính xát vào nhau, hầu hết các cột trong mọi table đều bị che bởi cột cuối của nó, nội dung bị che gần hết nên không hiển thị được gì | I19: C4_A4_iOS-Safari-Phone_1.png.png, C4_A4_iOS-Safari-Phone_2.png.png, C4_A4_iOS-Safari-Phone_3.png.png
A20: C5 | B20: A4 – Participants & Reviews | C20: Android | D20: Chrome | E20: Phone | F20: Máy thật | G20: Fail | H20: Màn hình lỗi hoàn toàn, không còn thấy được gì trên table nữa mọi thứ điều bị tràn ra ngoài | I20: C5_A4_Android-SamsungInternet-Phone_1.png.png, C5_A4_Android-SamsungInternet-Phone_2.png.png
A21: C6 | B21: A4 – Participants & Reviews | C21: iPadOS | D21: Safari | E21: Tablet | F21: Máy thật | G21: Pass | I21: C6_A4_iPadOS-Safari-Tablet_1.png.png, C6_A4_iPadOS-Safari-Tablet_2.png.png, C6_A4_iPadOS-Safari-Tablet_3.png.png

Sheet Độ phủ
A1: Kiểm tra độ phủ — điều kiện bắt buộc của đề bài
A2: Mỗi OS, mỗi browser và mỗi loại thiết bị phải xuất hiện ≥1 lần cho TỪNG màn hình.
A4: Tiêu chí | B4: Giá trị | C4: A1 | D4: A2 | E4: A4 | F4: Đạt?
A5: Hệ điều hành | B5: Windows 11 | C5: =COUNTIFS('Ma trận'!$C$2:$C$7,$B5,'Ma trận'!$G$2:$G$7,"<>") -> 3 | D5: =COUNTIFS('Ma trận'!$C$9:$C$14,$B5,'Ma trận'!$G$9:$G$14,"<>") -> 3 | E5: =COUNTIFS('Ma trận'!$C$16:$C$21,$B5,'Ma trận'!$G$16:$G$21,"<>") -> 3 | F5: =IF(AND(C5>0,D5>0,E5>0),"ĐẠT","THIẾU") -> ĐẠT
A6: Hệ điều hành | B6: iOS | C6: =COUNTIFS('Ma trận'!$C$2:$C$7,$B6,'Ma trận'!$G$2:$G$7,"<>") -> 1 | D6: =COUNTIFS('Ma trận'!$C$9:$C$14,$B6,'Ma trận'!$G$9:$G$14,"<>") -> 1 | E6: =COUNTIFS('Ma trận'!$C$16:$C$21,$B6,'Ma trận'!$G$16:$G$21,"<>") -> 1 | F6: =IF(AND(C6>0,D6>0,E6>0),"ĐẠT","THIẾU") -> ĐẠT
A7: Hệ điều hành | B7: Android | C7: =COUNTIFS('Ma trận'!$C$2:$C$7,$B7,'Ma trận'!$G$2:$G$7,"<>") -> 1 | D7: =COUNTIFS('Ma trận'!$C$9:$C$14,$B7,'Ma trận'!$G$9:$G$14,"<>") -> 1 | E7: =COUNTIFS('Ma trận'!$C$16:$C$21,$B7,'Ma trận'!$G$16:$G$21,"<>") -> 1 | F7: =IF(AND(C7>0,D7>0,E7>0),"ĐẠT","THIẾU") -> ĐẠT
A8: Hệ điều hành | B8: iPadOS | C8: =COUNTIFS('Ma trận'!$C$2:$C$7,$B8,'Ma trận'!$G$2:$G$7,"<>") -> 1 | D8: =COUNTIFS('Ma trận'!$C$9:$C$14,$B8,'Ma trận'!$G$9:$G$14,"<>") -> 1 | E8: =COUNTIFS('Ma trận'!$C$16:$C$21,$B8,'Ma trận'!$G$16:$G$21,"<>") -> 1 | F8: =IF(AND(C8>0,D8>0,E8>0),"ĐẠT","THIẾU") -> ĐẠT
A9: Browser | B9: Chrome | C9: =COUNTIFS('Ma trận'!$D$2:$D$7,$B9,'Ma trận'!$G$2:$G$7,"<>") -> 2 | D9: =COUNTIFS('Ma trận'!$D$9:$D$14,$B9,'Ma trận'!$G$9:$G$14,"<>") -> 2 | E9: =COUNTIFS('Ma trận'!$D$16:$D$21,$B9,'Ma trận'!$G$16:$G$21,"<>") -> 2 | F9: =IF(AND(C9>0,D9>0,E9>0),"ĐẠT","THIẾU") -> ĐẠT
A10: Browser | B10: Edge | C10: =COUNTIFS('Ma trận'!$D$2:$D$7,$B10,'Ma trận'!$G$2:$G$7,"<>") -> 1 | D10: =COUNTIFS('Ma trận'!$D$9:$D$14,$B10,'Ma trận'!$G$9:$G$14,"<>") -> 1 | E10: =COUNTIFS('Ma trận'!$D$16:$D$21,$B10,'Ma trận'!$G$16:$G$21,"<>") -> 1 | F10: =IF(AND(C10>0,D10>0,E10>0),"ĐẠT","THIẾU") -> ĐẠT
A11: Browser | B11: Firefox | C11: =COUNTIFS('Ma trận'!$D$2:$D$7,$B11,'Ma trận'!$G$2:$G$7,"<>") -> 1 | D11: =COUNTIFS('Ma trận'!$D$9:$D$14,$B11,'Ma trận'!$G$9:$G$14,"<>") -> 1 | E11: =COUNTIFS('Ma trận'!$D$16:$D$21,$B11,'Ma trận'!$G$16:$G$21,"<>") -> 1 | F11: =IF(AND(C11>0,D11>0,E11>0),"ĐẠT","THIẾU") -> ĐẠT
A12: Browser | B12: Safari | C12: =COUNTIFS('Ma trận'!$D$2:$D$7,$B12,'Ma trận'!$G$2:$G$7,"<>") -> 2 | D12: =COUNTIFS('Ma trận'!$D$9:$D$14,$B12,'Ma trận'!$G$9:$G$14,"<>") -> 2 | E12: =COUNTIFS('Ma trận'!$D$16:$D$21,$B12,'Ma trận'!$G$16:$G$21,"<>") -> 2 | F12: =IF(AND(C12>0,D12>0,E12>0),"ĐẠT","THIẾU") -> ĐẠT
A13: Browser | B13: Samsung Internet | C13: =COUNTIFS('Ma trận'!$D$2:$D$7,$B13,'Ma trận'!$G$2:$G$7,"<>") -> 0 | D13: =COUNTIFS('Ma trận'!$D$9:$D$14,$B13,'Ma trận'!$G$9:$G$14,"<>") -> 0 | E13: =COUNTIFS('Ma trận'!$D$16:$D$21,$B13,'Ma trận'!$G$16:$G$21,"<>") -> 0 | F13: =IF(AND(C13>0,D13>0,E13>0),"ĐẠT","THIẾU") -> THIẾU
A14: Loại thiết bị | B14: Desktop | C14: =COUNTIFS('Ma trận'!$E$2:$E$7,$B14,'Ma trận'!$G$2:$G$7,"<>") -> 3 | D14: =COUNTIFS('Ma trận'!$E$9:$E$14,$B14,'Ma trận'!$G$9:$G$14,"<>") -> 3 | E14: =COUNTIFS('Ma trận'!$E$16:$E$21,$B14,'Ma trận'!$G$16:$G$21,"<>") -> 3 | F14: =IF(AND(C14>0,D14>0,E14>0),"ĐẠT","THIẾU") -> ĐẠT
A15: Loại thiết bị | B15: Phone | C15: =COUNTIFS('Ma trận'!$E$2:$E$7,$B15,'Ma trận'!$G$2:$G$7,"<>") -> 2 | D15: =COUNTIFS('Ma trận'!$E$9:$E$14,$B15,'Ma trận'!$G$9:$G$14,"<>") -> 2 | E15: =COUNTIFS('Ma trận'!$E$16:$E$21,$B15,'Ma trận'!$G$16:$G$21,"<>") -> 2 | F15: =IF(AND(C15>0,D15>0,E15>0),"ĐẠT","THIẾU") -> ĐẠT
A16: Loại thiết bị | B16: Tablet | C16: =COUNTIFS('Ma trận'!$E$2:$E$7,$B16,'Ma trận'!$G$2:$G$7,"<>") -> 1 | D16: =COUNTIFS('Ma trận'!$E$9:$E$14,$B16,'Ma trận'!$G$9:$G$14,"<>") -> 1 | E16: =COUNTIFS('Ma trận'!$E$16:$E$21,$B16,'Ma trận'!$G$16:$G$21,"<>") -> 1 | F16: =IF(AND(C16>0,D16>0,E16>0),"ĐẠT","THIẾU") -> ĐẠT
A18: Tổng kết
A19: Số ô đã chụp | C19: =COUNTIF('Ma trận'!G:G,"Pass")+COUNTIF('Ma trận'!G:G,"Fail")&" / 18" -> 18 / 18
A20: Số ô Pass | C20: =COUNTIF('Ma trận'!G:G,"Pass") -> 12
A21: Số ô Fail | C21: =COUNTIF('Ma trận'!G:G,"Fail") -> 6
A22: Toàn bộ tiêu chí độ phủ | C22: =IF(COUNTIF(F5:F16,"THIẾU")=0,"ĐẠT TẤT CẢ","CÒN THIẾU "&COUNTIF(F5:F16,"THIẾU")&" tiêu chí") -> CÒN THIẾU 1 tiêu chí

Sheet Lỗi hiển thị
A1: Lỗi hiển thị phát hiện qua kiểm thử tương thích
A2: Mỗi dòng phải có submission tương ứng trên Google Form và trong Bug & Usability Findings Log (§7).
A4: ID | B4: Ô | C4: Màn hình | D4: Môi trường (OS / Browser / Thiết bị) | E4: Loại lỗi | F4: Mô tả | G4: Mức nghiêm trọng | H4: Đề xuất sửa | I4: Ảnh | J4: Đã gửi Form
A5: =IF(F5="","","CP-"&TEXT(ROW()-4,"000")) -> CP-001 | B5: C4 | C5: A1 - Danh sách Events | D5: iOS / Safari / Phone | E5: Vỡ layout | F5: Layout không co giãn theo bề rộng màn hình mà bị cố định độ rộng. Bảng danh sách sự kiện bị co cụm lại tới mức không đọc được sự kiện nào; cột HÀNH ĐỘNG đè lên và che khuất phần danh sách; thanh phân trang tràn ra ngoài khung nhìn. | G5: 3 - Lớn | H5: Áp dụng breakpoint responsive cho bảng danh sách: chuyển sang bố cục thẻ (card) ở bề rộng phone, hoặc cho phép cuộn ngang có ghim cột tên sự kiện. Bỏ độ rộng cố định của container. | I5: C4_A1_iOS-Safari-Phone.png.png | J5: Chưa
A6: =IF(F6="","","CP-"&TEXT(ROW()-4,"000")) -> CP-002 | B6: C5 | C6: A1 - Danh sách Events | D6: Android / Chrome / Phone | E6: Tràn nội dung | F6: Màn hình hỏng hoàn toàn: toàn bộ nội dung bảng tràn ra ngoài khung nhìn, không còn quan sát được thông tin nào trong bảng danh sách sự kiện. | G6: 4 - Thảm hoạ | H6: Như trên — cần bố cục responsive cho bảng ở bề rộng phone. Đây là mức nghiêm trọng nhất vì màn hình mất hoàn toàn khả năng sử dụng. | I6: C5_A1_Android-SamsungInternet-Phone.png.png | J6: Chưa
A7: =IF(F7="","","CP-"&TEXT(ROW()-4,"000")) -> CP-003 | B7: C4 | C7: A2 - Form Add/Edit Event | D7: iOS / Safari / Phone | E7: Vỡ layout | F7: Bố cục form hỗn loạn ở bề rộng phone: ô thumbnail và ô banner đều bị thu quá nhỏ, icon và tiêu đề bên trong bị chèn ép sát nhau; ô Attachments bị chèn nằm giữa thumbnail và banner sai thứ tự; vùng soạn Description quá nhỏ; thanh công cụ định dạng của rich-text bị dồn cụm lại. | G7: 3 - Lớn | H7: Xếp lại các khối upload theo chiều dọc ở bề rộng phone thay vì giữ lưới ngang; đặt chiều cao tối thiểu cho vùng rich-text; cho thanh công cụ định dạng xuống dòng hoặc thu vào menu tràn. | I7: C4_A2_iOS-Safari-Phone_1.png.png … _6.png.png | J7: Chưa
A8: =IF(F8="","","CP-"&TEXT(ROW()-4,"000")) -> CP-004 | B8: C5 | C8: A2 - Form Add/Edit Event | D8: Android / Chrome / Phone | E8: Vỡ layout | F8: Lặp lại đúng lỗi bố cục như trên iOS: thumbnail và banner quá nhỏ, icon và tiêu đề chèn ép, ô Attachments nằm sai vị trí giữa hai khối ảnh, vùng Description quá nhỏ, thanh định dạng rich-text bị dồn cụm. | G8: 3 - Lớn | H8: Cùng hướng sửa với C4/A2. Lỗi xuất hiện trên cả hai hệ điều hành di động nên nguyên nhân nằm ở CSS bố cục dùng chung, không phải do trình duyệt cụ thể. | I8: C5_A2_Android-SamsungInternet-Phone.png.png | J8: Chưa
A9: =IF(F9="","","CP-"&TEXT(ROW()-4,"000")) -> CP-005 | B9: C4 | C9: A4 - Participants & Reviews | D9: iOS / Safari / Phone | E9: Chồng lấp | F9: Bố cục hỗn loạn: chiều rộng các ô trên thanh đề mục tăng dần về phía sau; các thanh hiển thị đều tràn ra ngoài khung nhìn; một số nút bị dính sát vào nhau khó bấm chính xác; hầu hết các cột trong mọi bảng đều bị cột cuối che khuất, nội dung bị che gần hết nên không hiển thị được gì. | G9: 4 - Thảm hoạ | H9: Đặt lại chiều rộng cột theo tỉ lệ thay vì để tự giãn; tách các nút hành động đủ khoảng cách chạm tối thiểu; chuyển bảng sang bố cục thẻ ở bề rộng phone. | I9: C4_A4_iOS-Safari-Phone_1.png.png … _3.png.png | J9: Chưa
A10: =IF(F10="","","CP-"&TEXT(ROW()-4,"000")) -> CP-006 | B10: C5 | C10: A4 - Participants & Reviews | D10: Android / Chrome / Phone | E10: Tràn nội dung | F10: Màn hình hỏng hoàn toàn: mọi thành phần trong bảng tràn ra ngoài khung nhìn, không còn quan sát được nội dung nào. | G10: 4 - Thảm hoạ | H10: Như C5/A1 — cần bố cục responsive cho bảng. Màn hình mất hoàn toàn khả năng sử dụng trên điện thoại Android. | I10: C5_A4_Android-SamsungInternet-Phone_1.png.png, _2.png.png | J10: Chưa
A11: =IF(F11="","","CP-"&TEXT(ROW()-4,"000"))
A12: =IF(F12="","","CP-"&TEXT(ROW()-4,"000"))
A13: =IF(F13="","","CP-"&TEXT(ROW()-4,"000"))
A14: =IF(F14="","","CP-"&TEXT(ROW()-4,"000"))
A15: =IF(F15="","","CP-"&TEXT(ROW()-4,"000"))
A16: =IF(F16="","","CP-"&TEXT(ROW()-4,"000"))
A17: =IF(F17="","","CP-"&TEXT(ROW()-4,"000"))
A18: =IF(F18="","","CP-"&TEXT(ROW()-4,"000"))
A19: =IF(F19="","","CP-"&TEXT(ROW()-4,"000"))
A20: =IF(F20="","","CP-"&TEXT(ROW()-4,"000"))
A21: =IF(F21="","","CP-"&TEXT(ROW()-4,"000"))
A22: =IF(F22="","","CP-"&TEXT(ROW()-4,"000"))
... A29: =IF(F29="","","CP-"&TEXT(ROW()-4,"000"))
