Workbook

Sheet Người tham gia
A1: Task 2 — Bảng người tham gia user testing
A2: Phạm Anh Hào – 23127362 · Kịch bản A · Che 4 số giữa của mọi số liên hệ
A3: TA có thể gọi ngẫu nhiên 2 người để xác minh. Mạo danh → 0 điểm Task 2 (§12).
A5: Mã | B5: Họ và tên | C5: Vai trò / bối cảnh tổ chức sự kiện | D5: Liên hệ (đã che) | E5: Ngày phiên | F5: Giờ bắt đầu | G5: Có ghi màn hình? | H5: Ghi chú
A6: P1 | B6: Nguyễn Ngọc Quang | C6: Admin | D6: 098****659 | G6: Không
A7: P2 | B7: Trần Đức Toản | C7: Admin | E7: 31/07/2026 | F7: 7h30 | G7: Không
A8: P3 | B8: Vương Khải Phong | C8: Admin | D8: 098****154 | E8: 31/07/2026 | F8: 16h12 | G8: Không
A9: P4 | B9: Văn Ngọc Quý | C9: Admin | D9: 093****572 | E9: 03/08/2026 | F9: 09:45 | G9: Không
A10: P5 | B10: Hồ Thái Sơn | C10: Admin | D10: 077****878 | G10: Không
A13: Quy ước che: 0912345678 → 091****678 · nguyenvana@gmail.com → ngu****na@gmail.com

Sheet Phiên P1
A1: Phiếu quan sát — P1
A2: Điền trong lúc phiên đang chạy. Ô vàng là chỗ cần điền.
A4: Họ tên | B4: Nguyễn Ngọc Quang
A5: Ngày / giờ
A6: Tên sự kiện họ tạo (mẫu: [TEST-P1] ...)
A8: Chỉ số định lượng
A9: Tác vụ | B9: Nội dung | C9: Kết quả | D9: Thời gian (giây) | E9: Số lỗi | F9: Số lần do dự | G9: Số lần can thiệp
A10: T1 | B10: Tìm đến được nơi tạo sự kiện mới → dừng khi form mở ra | C10: Hoàn thành | D10: 5 | E10: 0 | F10: 0 | G10: 0
A11: T2 | B11: Điền thông tin + phát hành cho sinh viên đăng ký, có waitlist → dừng khi Published | C11: Hoàn thành | D11: 400 | E11: 0 | F11: 0 | G11: 0
A12: T3 | B12: Quay lại tìm sự kiện vừa tạo, nói ra số người đã đăng ký → dừng khi họ nói con số | C12: Hoàn thành | D12: 10 | E12: 0 | F12: 0 | G12: 0
B13: TỔNG | D13: =IF(COUNT(D10:D12)=0,"",SUM(D10:D12)) -> 415 | E13: =IF(COUNT(E10:E12)=0,"",SUM(E10:E12)) -> 0 | F13: =IF(COUNT(F10:F12)=0,"",SUM(F10:F12)) -> 0 | G13: =IF(COUNT(G10:G12)=0,"",SUM(G10:G12)) -> 0
A14: T1 đo trên A1 (khả phát hiện) · T2 đo trên A2 (form) · T3 đo trên A1→A4 (tìm lại + đọc số liệu)
A15: Ghi chép quan sát — điểm vướng, lỗi, do dự, câu nói ra (think aloud)
A16: Thời điểm | B16: Màn hình | C16: Chuyện gì xảy ra / họ nói gì | D16: Loại | E16: Ảnh chụp
A38: Câu hỏi sau tác vụ
A39: Clarity — Có chỗ nào khiến bạn phải dừng lại đoán nghĩa không? | B39: Không
A40: Error recovery — Lúc làm sai, bạn có biết cách sửa không? | B40: Có
A41: Speed — Bước nào mất nhiều thời gian hơn đáng lẽ? | B41: Có
A42: Trust — Sau khi Publish, bạn có chắc sự kiện đã lên thật chưa? Vì sao? | B42: Không, vì không có thông bào nào về việc đã thành công public sự kiện mà nhãy thẳng về màn hình quản lý sự kiện
A43: Nếu được sửa MỘT thứ duy nhất, bạn sửa gì? | B43: Không
A44: Bạn mong đợi điều gì xảy ra mà nó đã không xảy ra? | B44: Không

Sheet Phiên P2
A1: Phiếu quan sát — P2
A2: Điền trong lúc phiên đang chạy. Ô vàng là chỗ cần điền.
A4: Họ tên | B4: Trần Đức Toản
A5: Ngày / giờ | B5: 31/07/2026 7h30
A6: Tên sự kiện họ tạo (mẫu: [TEST-P2] ...) | B6: Môi trường xanh
A8: Chỉ số định lượng
A9: Tác vụ | B9: Nội dung | C9: Kết quả | D9: Thời gian (giây) | E9: Số lỗi | F9: Số lần do dự | G9: Số lần can thiệp
A10: T1 | B10: Tìm đến được nơi tạo sự kiện mới → dừng khi form mở ra | C10: Hoàn thành | D10: 45 | E10: 0 | F10: 0 | G10: 0
A11: T2 | B11: Điền thông tin + phát hành cho sinh viên đăng ký, có waitlist → dừng khi Published | C11: Hoàn thành | D11: 619 | E11: 0 | F11: 0 | G11: 0
A12: T3 | B12: Quay lại tìm sự kiện vừa tạo, nói ra số người đã đăng ký → dừng khi họ nói con số | C12: Hoàn thành | D12: 65 | E12: 0 | F12: 0 | G12: 0
B13: TỔNG | D13: =IF(COUNT(D10:D12)=0,"",SUM(D10:D12)) -> 729 | E13: =IF(COUNT(E10:E12)=0,"",SUM(E10:E12)) -> 0 | F13: =IF(COUNT(F10:F12)=0,"",SUM(F10:F12)) -> 0 | G13: =IF(COUNT(G10:G12)=0,"",SUM(G10:G12)) -> 0
A14: T1 đo trên A1 (khả phát hiện) · T2 đo trên A2 (form) · T3 đo trên A1→A4 (tìm lại + đọc số liệu)
A15: Ghi chép quan sát — điểm vướng, lỗi, do dự, câu nói ra (think aloud)
A16: Thời điểm | B16: Màn hình | C16: Chuyện gì xảy ra / họ nói gì | D16: Loại | E16: Ảnh chụp
A38: Câu hỏi sau tác vụ
A39: Clarity — Có chỗ nào khiến bạn phải dừng lại đoán nghĩa không? | B39: Có
A40: Error recovery — Lúc làm sai, bạn có biết cách sửa không? | B40: Có
A41: Speed — Bước nào mất nhiều thời gian hơn đáng lẽ? | B41: T1
A42: Trust — Sau khi Publish, bạn có chắc sự kiện đã lên thật chưa? Vì sao? | B42: Có vì có thể thấy nó hiện lên trong mục lịch sử
A43: Nếu được sửa MỘT thứ duy nhất, bạn sửa gì? | B43: Cách thiết lập ngày giờ nên cho phép nhập tay
A44: Bạn mong đợi điều gì xảy ra mà nó đã không xảy ra? | B44: Không

Sheet Phiên P3
A1: Phiếu quan sát — P3
A2: Điền trong lúc phiên đang chạy. Ô vàng là chỗ cần điền.
A4: Họ tên | B4: Vương Khải Phong
A5: Ngày / giờ | B5: 31/7/2026 16h12p
A6: Tên sự kiện họ tạo (mẫu: [TEST-P3] ...) | B6: Chinese HSK 3 Test
A8: Chỉ số định lượng
A9: Tác vụ | B9: Nội dung | C9: Kết quả | D9: Thời gian (giây) | E9: Số lỗi | F9: Số lần do dự | G9: Số lần can thiệp
A10: T1 | B10: Tìm đến được nơi tạo sự kiện mới → dừng khi form mở ra | C10: Hoàn thành | D10: 19.41 | E10: 0 | F10: 0 | G10: 0
A11: T2 | B11: Điền thông tin + phát hành cho sinh viên đăng ký, có waitlist → dừng khi Published | C11: Hoàn thành | D11: 587 | E11: 0 | F11: 2 | G11: 0
A12: T3 | B12: Quay lại tìm sự kiện vừa tạo, nói ra số người đã đăng ký → dừng khi họ nói con số | C12: Hoàn thành | D12: 13.01 | E12: 0 | F12: 0 | G12: 0
B13: TỔNG | D13: =IF(COUNT(D10:D12)=0,"",SUM(D10:D12)) -> 619.42 | E13: =IF(COUNT(E10:E12)=0,"",SUM(E10:E12)) -> 0 | F13: =IF(COUNT(F10:F12)=0,"",SUM(F10:F12)) -> 2 | G13: =IF(COUNT(G10:G12)=0,"",SUM(G10:G12)) -> 0
A14: T1 đo trên A1 (khả phát hiện) · T2 đo trên A2 (form) · T3 đo trên A1→A4 (tìm lại + đọc số liệu)
A15: Ghi chép quan sát — điểm vướng, lỗi, do dự, câu nói ra (think aloud)
A16: Thời điểm | B16: Màn hình | C16: Chuyện gì xảy ra / họ nói gì | D16: Loại | E16: Ảnh chụp
A17: Khi tạo form sự kiện | B17: A2 - Form Add/Edit Event | C17: Không hiểu chức năng của phần Additional Options | D17: Điểm vướng
A18: Khi tạo form sự kiện | B18: A2 - Form Add/Edit Event | C18: Không hiểu mục Academic Context | D18: Điểm vướng
A38: Câu hỏi sau tác vụ
A39: Clarity — Có chỗ nào khiến bạn phải dừng lại đoán nghĩa không? | B39: Có
A40: Error recovery — Lúc làm sai, bạn có biết cách sửa không? | B40: Không biết
A41: Speed — Bước nào mất nhiều thời gian hơn đáng lẽ? | B41: Phần mô tả sự kiện và chọn thời gian bắt đầu
A42: Trust — Sau khi Publish, bạn có chắc sự kiện đã lên thật chưa? Vì sao? | B42: Tôi chắc chắn sự kiện đã lên vì tôi đã thấy nó trong bảng quản lý sự kiện
A43: Nếu được sửa MỘT thứ duy nhất, bạn sửa gì? | B43: Tôi sẽ thêm ví dụ cho từng mục nhập liệu khi tạo form giúp người dùng dễ dàng sử dụng hơn
A44: Bạn mong đợi điều gì xảy ra mà nó đã không xảy ra? | B44: Hướng dẫn cách điền các nội dung trong form

Sheet Phiên P4
A1: Phiếu quan sát — P4
A2: Điền trong lúc phiên đang chạy. Ô vàng là chỗ cần điền.
A4: Họ tên | B4: Văn Ngọc Quý
A5: Ngày / giờ | B5: 03-08 / 09:45
A6: Tên sự kiện họ tạo (mẫu: [TEST-P4] ...)
A8: Chỉ số định lượng
A9: Tác vụ | B9: Nội dung | C9: Kết quả | D9: Thời gian (giây) | E9: Số lỗi | F9: Số lần do dự | G9: Số lần can thiệp
A10: T1 | B10: Tìm đến được nơi tạo sự kiện mới → dừng khi form mở ra | C10: Hoàn thành | D10: 70 | E10: 0 | F10: 1 | G10: 0
A11: T2 | B11: Điền thông tin + phát hành cho sinh viên đăng ký, có waitlist → dừng khi Published | C11: Hoàn thành | D11: 300 | E11: 1 | F11: 1 | G11: 0
A12: T3 | B12: Quay lại tìm sự kiện vừa tạo, nói ra số người đã đăng ký → dừng khi họ nói con số | C12: Hoàn thành | D12: 15 | E12: 0 | F12: 0 | G12: 0
B13: TỔNG | D13: =IF(COUNT(D10:D12)=0,"",SUM(D10:D12)) -> 385 | E13: =IF(COUNT(E10:E12)=0,"",SUM(E10:E12)) -> 1 | F13: =IF(COUNT(F10:F12)=0,"",SUM(F10:F12)) -> 2 | G13: =IF(COUNT(G10:G12)=0,"",SUM(G10:G12)) -> 0
A14: T1 đo trên A1 (khả phát hiện) · T2 đo trên A2 (form) · T3 đo trên A1→A4 (tìm lại + đọc số liệu)
A15: Ghi chép quan sát — điểm vướng, lỗi, do dự, câu nói ra (think aloud)
A16: Thời điểm | B16: Màn hình | C16: Chuyện gì xảy ra / họ nói gì | D16: Loại | E16: Ảnh chụp
A17: 09:46 | B17: Khác | C17: Người dùng không biết tìm form ở đâu. Họ bảo: Cái này tìm form như thế nào vậy trời | D17: Điểm vướng
A18: 09:51 | B18: A2 - Form Add/Edit Event | C18: Sao add file vào quài mà không được | D18: Điểm vướng
A19: 09:52 | B19: A2 - Form Add/Edit Event | C19: Sao cảm giác chọn dropdown xong như chưa chọn vậy, rồi sao biết là cái này chọn nhiều được vậy trời | D19: Điểm vướng
A20: 09:54 | B20: A2 - Form Add/Edit Event | C20: Mấy cái role này là sao vậy, giờ biết điền gì vào đây, có nên điền không | D20: Do dự
A21: 09:55 | B21: A2 - Form Add/Edit Event | C21: Rồi sao không thấy dấu * mà giờ bắt điền vậy trời, vẫn chưa hiểu là gì luôn | D21: Lỗi thao tác
A38: Câu hỏi sau tác vụ
A39: Clarity — Có chỗ nào khiến bạn phải dừng lại đoán nghĩa không? | B39: Có một chỗ ở lúc tìm đến form là tôi phải đoán xem mình đang ở đâu, bấm nút nào và hover vào mới biết là bấm vào đó là vào được admin dashboard. Còn một chỗ lúc toggle thì cũng không rõ đang toggle cái gì, sau khi toggle hiện thêm field cần điền thì cũng không rõ nên điền gì, nó có ý nghĩa gì
A40: Error recovery — Lúc làm sai, bạn có biết cách sửa không? | B40: Biết và đa số cũng không sai lắm
A41: Speed — Bước nào mất nhiều thời gian hơn đáng lẽ? | B41: Bước tìm đến form, tôi nghĩ vào tài khoản admin thì nên vào admin dashboard để dễ thao tác hơn chứ
A42: Trust — Sau khi Publish, bạn có chắc sự kiện đã lên thật chưa? Vì sao? | B42: Tôi không chắc chắn lắm vì chẳng thấy xác nhận nào rõ ràng
A43: Nếu được sửa MỘT thứ duy nhất, bạn sửa gì? | B43: Sửa lại luồng tìm form, chủ yếu là admin dashboard phải show lên mặc định lúc vào chứ không phải user dashboard
A44: Bạn mong đợi điều gì xảy ra mà nó đã không xảy ra? | B44: Không có

Sheet Phiên P5
A1: Phiếu quan sát — P5
A2: Điền trong lúc phiên đang chạy. Ô vàng là chỗ cần điền.
A4: Họ tên | B4: Hồ Thái Sơn
A5: Ngày / giờ
A6: Tên sự kiện họ tạo (mẫu: [TEST-P5] ...)
A8: Chỉ số định lượng
A9: Tác vụ | B9: Nội dung | C9: Kết quả | D9: Thời gian (giây) | E9: Số lỗi | F9: Số lần do dự | G9: Số lần can thiệp
A10: T1 | B10: Tìm đến được nơi tạo sự kiện mới → dừng khi form mở ra | C10: Hoàn thành | D10: 120 | E10: 0 | F10: 1 | G10: 0
A11: T2 | B11: Điền thông tin + phát hành cho sinh viên đăng ký, có waitlist → dừng khi Published | C11: Hoàn thành | D11: 300 | E11: 0 | F11: 0 | G11: 0
A12: T3 | B12: Quay lại tìm sự kiện vừa tạo, nói ra số người đã đăng ký → dừng khi họ nói con số | C12: Hoàn thành | D12: 120 | E12: 0 | F12: 0 | G12: 0
B13: TỔNG | D13: =IF(COUNT(D10:D12)=0,"",SUM(D10:D12)) -> 540 | E13: =IF(COUNT(E10:E12)=0,"",SUM(E10:E12)) -> 0 | F13: =IF(COUNT(F10:F12)=0,"",SUM(F10:F12)) -> 1 | G13: =IF(COUNT(G10:G12)=0,"",SUM(G10:G12)) -> 0
A14: T1 đo trên A1 (khả phát hiện) · T2 đo trên A2 (form) · T3 đo trên A1→A4 (tìm lại + đọc số liệu)
A15: Ghi chép quan sát — điểm vướng, lỗi, do dự, câu nói ra (think aloud)
A16: Thời điểm | B16: Màn hình | C16: Chuyện gì xảy ra / họ nói gì | D16: Loại | E16: Ảnh chụp
A38: Câu hỏi sau tác vụ
A39: Clarity — Có chỗ nào khiến bạn phải dừng lại đoán nghĩa không? | B39: khong
A40: Error recovery — Lúc làm sai, bạn có biết cách sửa không? | B40: co
A41: Speed — Bước nào mất nhiều thời gian hơn đáng lẽ? | B41: T1
A42: Trust — Sau khi Publish, bạn có chắc sự kiện đã lên thật chưa? Vì sao? | B42: Co, vi co hien trong danh sach cac su kien
A43: Nếu được sửa MỘT thứ duy nhất, bạn sửa gì? | B43: Khong co
A44: Bạn mong đợi điều gì xảy ra mà nó đã không xảy ra? | B44: Khong co

Sheet SUS
A1: SUS — System Usability Scale
A2: Nhập điểm thô 1–5 của từng người vào ô vàng. Điểm SUS tự tính bên dưới.
A3: Thang: 1 = Hoàn toàn không đồng ý · 5 = Hoàn toàn đồng ý
A5: # | B5: Câu hỏi | C5: P1 | D5: P2 | E5: P3 | F5: P4 | G5: P5
A6: 1 | B6: Tôi nghĩ mình sẽ muốn dùng hệ thống này thường xuyên | C6: 4 | D6: 3 | E6: 2 | F6: 3 | G6: 4
A7: 2 | B7: Tôi thấy hệ thống này phức tạp một cách không cần thiết | C7: 1 | D7: 1 | E7: 1 | F7: 4 | G7: 1
A8: 3 | B8: Tôi thấy hệ thống này dễ sử dụng | C8: 5 | D8: 4 | E8: 3 | F8: 2 | G8: 5
A9: 4 | B9: Tôi nghĩ mình sẽ cần người có chuyên môn hỗ trợ mới dùng được hệ thống này | C9: 1 | D9: 1 | E9: 4 | F9: 3 | G9: 3
A10: 5 | B10: Tôi thấy các chức năng trong hệ thống này được kết hợp với nhau tốt | C10: 5 | D10: 4 | E10: 3 | F10: 3 | G10: 4
A11: 6 | B11: Tôi thấy hệ thống này có quá nhiều điểm thiếu nhất quán | C11: 1 | D11: 1 | E11: 2 | F11: 3 | G11: 1
A12: 7 | B12: Tôi nghĩ hầu hết mọi người sẽ học cách dùng hệ thống này rất nhanh | C12: 5 | D12: 5 | E12: 3 | F12: 3 | G12: 5
A13: 8 | B13: Tôi thấy hệ thống này rất cồng kềnh, khó thao tác | C13: 1 | D13: 1 | E13: 1 | F13: 3 | G13: 1
A14: 9 | B14: Tôi cảm thấy tự tin khi sử dụng hệ thống này | C14: 5 | D14: 5 | E14: 2 | F14: 2 | G14: 4
A15: 10 | B15: Tôi cần học rất nhiều thứ trước khi có thể bắt đầu dùng hệ thống này | C15: 1 | D15: 1 | E15: 2 | F15: 3 | G15: 3
B17: Điểm quy đổi (lẻ: điểm−1 · chẵn: 5−điểm) | C17: =IF(COUNT(C6:C15)<10,"",IF(C6="","",IF(MOD(1,2)=1,C6-1,5-C6))+IF(C7="","",IF(MOD(2,2)=1,C7-1,5-C7))+IF(C8="","",IF(MOD(3,2)=1,C8-1,5-C8))+IF(C9="","",IF(MOD(4,2)=1,C9-1,5-C9))+IF(C10="","",IF(MOD(5,2)=1,C10-1,5-C10))+IF(C11="","",IF(MOD(6,2)=1,C11-1,5-C11))+IF(C12="","",IF(MOD(7,2)=1,C12-1,5-C12))+IF(C13="","",IF(MOD(8,2)=1,C13-1,5-C13))+IF(C14="","",IF(MOD(9,2)=1,C14-1,5-C14))+IF(C15="","",IF(MOD(10,2)=1,C15-1,5-C15))) -> 39 | D17: =IF(COUNT(D6:D15)<10,"",IF(D6="","",IF(MOD(1,2)=1,D6-1,5-D6))+IF(D7="","",IF(MOD(2,2)=1,D7-1,5-D7))+IF(D8="","",IF(MOD(3,2)=1,D8-1,5-D8))+IF(D9="","",IF(MOD(4,2)=1,D9-1,5-D9))+IF(D10="","",IF(MOD(5,2)=1,D10-1,5-D10))+IF(D11="","",IF(MOD(6,2)=1,D11-1,5-D11))+IF(D12="","",IF(MOD(7,2)=1,D12-1,5-D12))+IF(D13="","",IF(MOD(8,2)=1,D13-1,5-D13))+IF(D14="","",IF(MOD(9,2)=1,D14-1,5-D14))+IF(D15="","",IF(MOD(10,2)=1,D15-1,5-D15))) -> 36 | E17: =IF(COUNT(E6:E15)<10,"",IF(E6="","",IF(MOD(1,2)=1,E6-1,5-E6))+IF(E7="","",IF(MOD(2,2)=1,E7-1,5-E7))+IF(E8="","",IF(MOD(3,2)=1,E8-1,5-E8))+IF(E9="","",IF(MOD(4,2)=1,E9-1,5-E9))+IF(E10="","",IF(MOD(5,2)=1,E10-1,5-E10))+IF(E11="","",IF(MOD(6,2)=1,E11-1,5-E11))+IF(E12="","",IF(MOD(7,2)=1,E12-1,5-E12))+IF(E13="","",IF(MOD(8,2)=1,E13-1,5-E13))+IF(E14="","",IF(MOD(9,2)=1,E14-1,5-E14))+IF(E15="","",IF(MOD(10,2)=1,E15-1,5-E15))) -> 23 | F17: =IF(COUNT(F6:F15)<10,"",IF(F6="","",IF(MOD(1,2)=1,F6-1,5-F6))+IF(F7="","",IF(MOD(2,2)=1,F7-1,5-F7))+IF(F8="","",IF(MOD(3,2)=1,F8-1,5-F8))+IF(F9="","",IF(MOD(4,2)=1,F9-1,5-F9))+IF(F10="","",IF(MOD(5,2)=1,F10-1,5-F10))+IF(F11="","",IF(MOD(6,2)=1,F11-1,5-F11))+IF(F12="","",IF(MOD(7,2)=1,F12-1,5-F12))+IF(F13="","",IF(MOD(8,2)=1,F13-1,5-F13))+IF(F14="","",IF(MOD(9,2)=1,F14-1,5-F14))+IF(F15="","",IF(MOD(10,2)=1,F15-1,5-F15))) -> 17 | G17: =IF(COUNT(G6:G15)<10,"",IF(G6="","",IF(MOD(1,2)=1,G6-1,5-G6))+IF(G7="","",IF(MOD(2,2)=1,G7-1,5-G7))+IF(G8="","",IF(MOD(3,2)=1,G8-1,5-G8))+IF(G9="","",IF(MOD(4,2)=1,G9-1,5-G9))+IF(G10="","",IF(MOD(5,2)=1,G10-1,5-G10))+IF(G11="","",IF(MOD(6,2)=1,G11-1,5-G11))+IF(G12="","",IF(MOD(7,2)=1,G12-1,5-G12))+IF(G13="","",IF(MOD(8,2)=1,G13-1,5-G13))+IF(G14="","",IF(MOD(9,2)=1,G14-1,5-G14))+IF(G15="","",IF(MOD(10,2)=1,G15-1,5-G15))) -> 33
B18: ĐIỂM SUS (0–100) | C18: =IF(C17="","",C17*2.5) -> 97.5 | D18: =IF(D17="","",D17*2.5) -> 90 | E18: =IF(E17="","",E17*2.5) -> 57.5 | F18: =IF(F17="","",F17*2.5) -> 42.5 | G18: =IF(G17="","",G17*2.5) -> 82.5
B20: SUS trung bình 5 người | C20: =IF(COUNT(C18:G18)=0,"",AVERAGE(C18:G18)) -> 74
B21: Độ lệch chuẩn | C21: =IF(COUNT(C18:G18)<2,"",STDEV(C18:G18)) -> 23.157072
B22: Thấp nhất / Cao nhất | C22: =IF(COUNT(C18:G18)=0,"",MIN(C18:G18)&" / "&MAX(C18:G18)) -> 42.5 / 97.5
B23: Xếp loại so với mốc ngành (68) | C23: =IF(C20="","",IF(C20>=80.3,"Xuất sắc (A)",IF(C20>=68,"Trên trung bình (B-C)",IF(C20>=51,"Dưới trung bình (D)","Kém (F)")))) -> Trên trung bình (B-C)
B25: Mốc tham chiếu: trung bình ngành ≈ 68 · ≥80.3 xuất sắc · <51 xếp loại kém

Sheet Bảng chỉ số
A1: Bảng chỉ số tổng hợp — đưa thẳng vào Usability Report
A2: Toàn bộ là công thức, tự lấy từ các sheet phiên. Không cần nhập tay.
A4: Tác vụ | B4: P1 | C4: P2 | D4: P3 | E4: P4 | F4: P5 | G4: Hoàn thành | H4: Một phần | I4: Thất bại | J4: Tỉ lệ thành công
A5: T1 | B5: =IF('Phiên P1'!C10="","",'Phiên P1'!C10) -> Hoàn thành | C5: =IF('Phiên P2'!C10="","",'Phiên P2'!C10) -> Hoàn thành | D5: =IF('Phiên P3'!C10="","",'Phiên P3'!C10) -> Hoàn thành | E5: =IF('Phiên P4'!C10="","",'Phiên P4'!C10) -> Hoàn thành | F5: =IF('Phiên P5'!C10="","",'Phiên P5'!C10) -> Hoàn thành | G5: =COUNTIF(B5:F5,"Hoàn thành") -> 5 | H5: =COUNTIF(B5:F5,"Một phần") -> 0 | I5: =COUNTIF(B5:F5,"Thất bại") -> 0 | J5: =IF(SUM(G5:I5)<5,"",G5/5) -> 1
A6: T2 | B6: =IF('Phiên P1'!C11="","",'Phiên P1'!C11) -> Hoàn thành | C6: =IF('Phiên P2'!C11="","",'Phiên P2'!C11) -> Hoàn thành | D6: =IF('Phiên P3'!C11="","",'Phiên P3'!C11) -> Hoàn thành | E6: =IF('Phiên P4'!C11="","",'Phiên P4'!C11) -> Hoàn thành | F6: =IF('Phiên P5'!C11="","",'Phiên P5'!C11) -> Hoàn thành | G6: =COUNTIF(B6:F6,"Hoàn thành") -> 5 | H6: =COUNTIF(B6:F6,"Một phần") -> 0 | I6: =COUNTIF(B6:F6,"Thất bại") -> 0 | J6: =IF(SUM(G6:I6)<5,"",G6/5) -> 1
A7: T3 | B7: =IF('Phiên P1'!C12="","",'Phiên P1'!C12) -> Hoàn thành | C7: =IF('Phiên P2'!C12="","",'Phiên P2'!C12) -> Hoàn thành | D7: =IF('Phiên P3'!C12="","",'Phiên P3'!C12) -> Hoàn thành | E7: =IF('Phiên P4'!C12="","",'Phiên P4'!C12) -> Hoàn thành | F7: =IF('Phiên P5'!C12="","",'Phiên P5'!C12) -> Hoàn thành | G7: =COUNTIF(B7:F7,"Hoàn thành") -> 5 | H7: =COUNTIF(B7:F7,"Một phần") -> 0 | I7: =COUNTIF(B7:F7,"Thất bại") -> 0 | J7: =IF(SUM(G7:I7)<5,"",G7/5) -> 1
A8: Tỉ lệ thành công chỉ hiện khi đủ 5 phiên. Trung bình thời gian/lỗi chỉ tính trên các phiên đã điền.
A9: Thời gian trung bình theo tác vụ (giây)
A10: Tác vụ | B10: P1 | C10: P2 | D10: P3 | E10: P4 | F10: P5 | G10: Trung bình | H10: Nhanh nhất | I10: Chậm nhất
A11: T1 | B11: =IF('Phiên P1'!D10="","",'Phiên P1'!D10) -> 5 | C11: =IF('Phiên P2'!D10="","",'Phiên P2'!D10) -> 45 | D11: =IF('Phiên P3'!D10="","",'Phiên P3'!D10) -> 19.41 | E11: =IF('Phiên P4'!D10="","",'Phiên P4'!D10) -> 70 | F11: =IF('Phiên P5'!D10="","",'Phiên P5'!D10) -> 120 | G11: =IF(COUNT(B11:F11)=0,"",AVERAGE(B11:F11)) -> 51.882 | H11: =IF(COUNT(B11:F11)=0,"",MIN(B11:F11)) -> 5 | I11: =IF(COUNT(B11:F11)=0,"",MAX(B11:F11)) -> 120
A12: T2 | B12: =IF('Phiên P1'!D11="","",'Phiên P1'!D11) -> 400 | C12: =IF('Phiên P2'!D11="","",'Phiên P2'!D11) -> 619 | D12: =IF('Phiên P3'!D11="","",'Phiên P3'!D11) -> 587 | E12: =IF('Phiên P4'!D11="","",'Phiên P4'!D11) -> 300 | F12: =IF('Phiên P5'!D11="","",'Phiên P5'!D11) -> 300 | G12: =IF(COUNT(B12:F12)=0,"",AVERAGE(B12:F12)) -> 441.2 | H12: =IF(COUNT(B12:F12)=0,"",MIN(B12:F12)) -> 300 | I12: =IF(COUNT(B12:F12)=0,"",MAX(B12:F12)) -> 619
A13: T3 | B13: =IF('Phiên P1'!D12="","",'Phiên P1'!D12) -> 10 | C13: =IF('Phiên P2'!D12="","",'Phiên P2'!D12) -> 65 | D13: =IF('Phiên P3'!D12="","",'Phiên P3'!D12) -> 13.01 | E13: =IF('Phiên P4'!D12="","",'Phiên P4'!D12) -> 15 | F13: =IF('Phiên P5'!D12="","",'Phiên P5'!D12) -> 120 | G13: =IF(COUNT(B13:F13)=0,"",AVERAGE(B13:F13)) -> 44.602 | H13: =IF(COUNT(B13:F13)=0,"",MIN(B13:F13)) -> 10 | I13: =IF(COUNT(B13:F13)=0,"",MAX(B13:F13)) -> 120
A15: Lỗi và do dự (tổng cả 3 tác vụ)
A16: Chỉ số | B16: P1 | C16: P2 | D16: P3 | E16: P4 | F16: P5 | G16: Tổng | H16: Trung bình/người
A17: Số lỗi | B17: =IF('Phiên P1'!E13=0,"",'Phiên P1'!E13) | C17: =IF('Phiên P2'!E13=0,"",'Phiên P2'!E13) | D17: =IF('Phiên P3'!E13=0,"",'Phiên P3'!E13) | E17: =IF('Phiên P4'!E13=0,"",'Phiên P4'!E13) -> 1 | F17: =IF('Phiên P5'!E13=0,"",'Phiên P5'!E13) | G17: =IF(COUNT(B17:F17)=0,"",SUM(B17:F17)) -> 1 | H17: =IF(COUNT(B17:F17)=0,"",AVERAGE(B17:F17)) -> 1
A18: Số lần do dự | B18: =IF('Phiên P1'!F13=0,"",'Phiên P1'!F13) | C18: =IF('Phiên P2'!F13=0,"",'Phiên P2'!F13) | D18: =IF('Phiên P3'!F13=0,"",'Phiên P3'!F13) -> 2 | E18: =IF('Phiên P4'!F13=0,"",'Phiên P4'!F13) -> 2 | F18: =IF('Phiên P5'!F13=0,"",'Phiên P5'!F13) -> 1 | G18: =IF(COUNT(B18:F18)=0,"",SUM(B18:F18)) -> 5 | H18: =IF(COUNT(B18:F18)=0,"",AVERAGE(B18:F18)) -> 1.6666667
A19: Số lần can thiệp | B19: =IF('Phiên P1'!G13=0,"",'Phiên P1'!G13) | C19: =IF('Phiên P2'!G13=0,"",'Phiên P2'!G13) | D19: =IF('Phiên P3'!G13=0,"",'Phiên P3'!G13) | E19: =IF('Phiên P4'!G13=0,"",'Phiên P4'!G13) | F19: =IF('Phiên P5'!G13=0,"",'Phiên P5'!G13) | G19: =IF(COUNT(B19:F19)=0,"",SUM(B19:F19)) | H19: =IF(COUNT(B19:F19)=0,"",AVERAGE(B19:F19))
A21: Điểm SUS | B21: =IF(SUS!C18="","",SUS!C18) -> 97.5 | C21: =IF(SUS!D18="","",SUS!D18) -> 90 | D21: =IF(SUS!E18="","",SUS!E18) -> 57.5 | E21: =IF(SUS!F18="","",SUS!F18) -> 42.5 | F21: =IF(SUS!G18="","",SUS!G18) -> 82.5 | G21: =IF(COUNT(B21:F21)=0,"",AVERAGE(B21:F21)) -> 74

Sheet Phát hiện
A1: Danh sách phát hiện usability đã gom nhóm và xếp hạng
A2: Quy tắc: ≥3/5 người cùng vướng → vấn đề thiết kế hệ thống · 1–2 người → lỗi cá biệt
A4: ID | B4: Mô tả phát hiện | C4: Màn hình | D4: Số người gặp | E4: Loại | F4: Severity (0–4) | G4: Heuristic vi phạm | H4: Khuyến nghị sửa | I4: Ảnh | J4: Đã gửi Form
A5: =IF(B5="","","UX-"&TEXT(ROW()-4,"000")) -> UX-001 | B5: Khó tìm được lối vào form tạo sự kiện. Sau khi đăng nhập bằng tài khoản admin, hệ thống mặc định hiển thị dashboard người dùng chứ không phải dashboard quản trị, người tham gia phải tự dò tìm. Thời gian làm T1 chênh lệch rất lớn giữa 5 người: 5s / 45s / 19s / 70s / 120s — người chậm nhất mất gấp 24 lần người nhanh nhất. | C5: A1 - Danh sách Events | D5: 3/5 | E5: Vấn đề thiết kế hệ thống | F5: 3 - Lớn | G5: Nielsen #1 – Visibility of system status; Nielsen #6 – Recognition rather than recall; Norman – Mapping | H5: Khi đăng nhập bằng tài khoản có quyền admin, mặc định đưa thẳng vào dashboard quản trị; hoặc đặt lối vào khu quản trị ở vị trí nổi bật, có nhãn chữ rõ ràng thay vì chỉ icon. | J5: Chưa
A6: =IF(B6="","","UX-"&TEXT(ROW()-4,"000")) -> UX-002 | B6: Không có xác nhận rõ ràng sau khi phát hành sự kiện. Hệ thống nhảy thẳng về màn hình quản lý sự kiện mà không hiện thông báo nào. Người tham gia phải tự đi kiểm tra danh sách mới dám tin là đã thành công. | C6: A2 - Form Add/Edit Event | D6: 2/5 | E6: Lỗi cá biệt | F6: 3 - Lớn | G6: Nielsen #1 – Visibility of system status; Shneiderman #4 – Design dialogs to yield closure; Norman – Feedback | H6: Hiển thị toast hoặc màn hình tổng kết sau khi Publish, nêu rõ tên sự kiện, trạng thái mới và hành động tiếp theo. | J6: Chưa
A7: =IF(B7="","","UX-"&TEXT(ROW()-4,"000")) -> UX-003 | B7: Các trường trong form không có hướng dẫn hoặc ví dụ, nhiều mục không hiểu để làm gì: "Additional Options", "Academic Context", cụm cấu hình vai trò phụ. Người tham gia dừng lại đoán nghĩa hoặc bỏ qua. | C7: A2 - Form Add/Edit Event | D7: 2/5 | E7: Lỗi cá biệt | F7: 3 - Lớn | G7: Nielsen #2 – Match between system and the real world; Nielsen #6 – Recognition rather than recall | H7: Thêm dòng mô tả ngắn hoặc tooltip cho từng nhóm trường; đưa ví dụ mẫu vào ngay dưới nhãn trường thay vì chỉ đặt trong placeholder. | J7: Chưa
A8: =IF(B8="","","UX-"&TEXT(ROW()-4,"000")) -> UX-004 | B8: Trường bắt buộc không được đánh dấu. Người tham gia chỉ phát hiện khi bị chặn lúc submit, nguyên văn: "Sao không thấy dấu * mà giờ bắt điền vậy trời". | C8: A2 - Form Add/Edit Event | D8: 1/5 | E8: Lỗi cá biệt | F8: 3 - Lớn | G8: Nielsen #5 – Error prevention; Nielsen #4 – Consistency and standards | H8: Đánh dấu nhất quán mọi trường bắt buộc bằng một quy ước duy nhất và giải thích quy ước đó ở đầu form. Trùng khớp với phát hiện GUI-02-11 ở Task 1B. | J8: Chưa
A9: =IF(B9="","","UX-"&TEXT(ROW()-4,"000")) -> UX-005 | B9: Không đính kèm được file. Người tham gia thử nhiều lần không thành công: "Sao add file vào quài mà không được". | C9: A2 - Form Add/Edit Event | D9: 1/5 | E9: Lỗi cá biệt | F9: 3 - Lớn | G9: Nielsen #9 – Help users recognize, diagnose and recover from errors; Norman – Constraints | H9: Nêu rõ định dạng và dung lượng được chấp nhận ngay tại vùng upload, và hiện thông báo cụ thể khi file bị từ chối. Lưu ý: giao diện ghi "Supported any file format" nhưng thuộc tính accept chỉ nhận .pdf .doc .docx .xls .xlsx — cần xác minh lại đây có phải nguyên nhân không. | J9: Chưa
A10: =IF(B10="","","UX-"&TEXT(ROW()-4,"000")) -> UX-006 | B10: Dropdown không thể hiện rõ giá trị đã chọn và không cho biết là loại đa chọn: "Cảm giác chọn dropdown xong như chưa chọn vậy, rồi sao biết là cái này chọn nhiều được vậy trời". | C10: A2 - Form Add/Edit Event | D10: 1/5 | E10: Lỗi cá biệt | F10: 2 - Nhỏ | G10: Norman – Visibility, Feedback; Nielsen #1 | H10: Hiển thị giá trị đã chọn dạng chip ngay trên ô dropdown; ghi chú "có thể chọn nhiều" với các trường đa chọn. | J10: Chưa
A11: =IF(B11="","","UX-"&TEXT(ROW()-4,"000")) -> UX-007 | B11: Bộ chọn ngày giờ không cho nhập tay, bắt buộc phải bấm chọn qua lịch — chậm và gây khó chịu. Đây cũng là một trong hai bước bị nêu là mất nhiều thời gian nhất. | C11: A2 - Form Add/Edit Event | D11: 2/5 | E11: Lỗi cá biệt | F11: 2 - Nhỏ | G11: Nielsen #7 – Flexibility and efficiency of use; Shneiderman #2 | H11: Cho phép gõ trực tiếp ngày giờ theo định dạng có gợi ý, song song với việc chọn qua lịch. | J11: Chưa
A12: =IF(B12="","","UX-"&TEXT(ROW()-4,"000")) -> UX-008 | B12: Bước điền form (T2) chiếm gần như toàn bộ thời gian của quy trình: trung bình 441 giây, so với 51 giây cho T1 và 44 giây cho T3. Form quá dài và nặng so với hai bước còn lại. | C12: A2 - Form Add/Edit Event | D12: 5/5 | E12: Vấn đề thiết kế hệ thống | F12: 2 - Nhỏ | G12: Nielsen #8 – Aesthetic and minimalist design; Shneiderman #8 | H12: Rút gọn form ở bước tạo mới, chỉ giữ các trường thật sự bắt buộc; chuyển phần cấu hình nâng cao sang bước riêng sau khi đã lưu nháp. | J12: Chưa
A13: =IF(B13="","","UX-"&TEXT(ROW()-4,"000"))
A14: =IF(B14="","","UX-"&TEXT(ROW()-4,"000"))
A15: =IF(B15="","","UX-"&TEXT(ROW()-4,"000"))
A16: =IF(B16="","","UX-"&TEXT(ROW()-4,"000"))
A17: =IF(B17="","","UX-"&TEXT(ROW()-4,"000"))
A18: =IF(B18="","","UX-"&TEXT(ROW()-4,"000"))
A19: =IF(B19="","","UX-"&TEXT(ROW()-4,"000"))
A20: =IF(B20="","","UX-"&TEXT(ROW()-4,"000"))
A21: =IF(B21="","","UX-"&TEXT(ROW()-4,"000"))
A22: =IF(B22="","","UX-"&TEXT(ROW()-4,"000"))
A23: =IF(B23="","","UX-"&TEXT(ROW()-4,"000"))
A24: =IF(B24="","","UX-"&TEXT(ROW()-4,"000"))
... A39: =IF(B39="","","UX-"&TEXT(ROW()-4,"000"))
